title_names,area,toward,typ,time,rent,danw,region,community
整租·筑境花园 1室1厅 南/西南,60.00㎡,南 西南,1室1厅1卫,今天维护,1200, 元/月,临安,筑境花园
合租·倾城之恋 4居室 南卧,6.97㎡,南,4室1厅2卫,11天前维护,1630, 元/月,滨江,倾城之恋
整租·宋都阳光国际 2室1厅 南,89.00㎡,南,2室1厅1卫,今天维护,4100, 元/月,上城,宋都阳光国际
合租·春天花园 5居室 南卧,10.33㎡,南,5室1厅2卫,7天前维护,1500, 元/月,西湖,春天花园
整租·康宁和府 2室1厅 南,80.00㎡,南,2室1厅1卫,今天维护,1800, 元/月,临平区,康宁和府
合租·坤和西溪里 4居室 南卧,10.00㎡,南,4室1厅1卫,10天前维护,1300, 元/月,西湖,坤和西溪里
整租·山西园 2室1厅 南,60.90㎡,南,2室1厅1卫,今天维护,2600, 元/月,余杭,山西园
合租·星洲花园花柏美舍 5居室 东卧,10.80㎡,东,5室1厅2卫,8天前维护,1690, 元/月,西湖,星洲花园花柏美舍
整租·融信大发弘阳沁澜 3室2厅 南,96.00㎡,南,3室2厅2卫,今天维护,5300, 元/月,余杭,融信大发弘阳沁澜
合租·现代名苑 4居室 南卧,16.20㎡,南,4室1厅2卫,10天前维护,2800, 元/月,拱墅,现代名苑
合租·万科中央公园 2居室 南卧,13.00㎡,南,2室2厅2卫,今天维护,1900, 元/月,上城,万科中央公园
合租·滨江德信东方星城 5居室 南卧,15.00㎡,南,5室1厅2卫,10天前维护,1400, 元/月,上城,滨江德信东方星城
合租·星创新里程中心 2居室 跃层 东卧,30.00㎡,东,2室2厅2卫,1天前维护,1800, 元/月,余杭,星创新里程中心
合租·西荡苑梨苑 4居室 北卧,5.80㎡,北,4室1厅2卫,8天前维护,1290, 元/月,西湖,西荡苑梨苑
整租·理想银泰城 1室1厅 北,52.00㎡,北,1室1厅1卫,今天维护,2700, 元/月,临平区,理想银泰城
整租·星汇花园 3室2厅 南,89.25㎡,南,3室2厅2卫,今天维护,2500, 元/月,临安,星汇花园
整租·大关西四苑 2室1厅 南,72.45㎡,南,2室1厅1卫,今天维护,4000, 元/月,拱墅,大关西四苑
合租·越秀星汇尚城 4居室 南卧,13.00㎡,南,4室1厅2卫,4天前维护,1500, 元/月,余杭,越秀星汇尚城
"整租·朝晖路81,85,89号 2室1厅 南",45.35㎡,南,2室1厅1卫,今天维护,2800, 元/月,拱墅,"朝晖路81,85,89号"
整租·美晟府 4室2厅 南,130.00㎡,南,4室2厅2卫,2天前维护,1500, 元/月,临安,美晟府
整租·中庆润泽院 3室2厅 东/南,94.00㎡,东 南,3室2厅2卫,1天前维护,1300, 元/月,富阳,中庆润泽院
合租·德信大家钱江府 3居室 南卧,15.00㎡,南,3室1厅2卫,6天前维护,2000, 元/月,上城,德信大家钱江府
整租·星汇花园 3室2厅 南,89.00㎡,南,3室2厅2卫,今天维护,2600, 元/月,临安,星汇花园
合租·城发云锦城 4居室 北卧,7.60㎡,北,4室1厅1卫,10天前维护,890, 元/月,上城,城发云锦城
整租·中天珺府 3室2厅 南,89.00㎡,南,3室2厅2卫,3天前维护,2500, 元/月,临安,中天珺府
合租·融信杭州公馆 6居室 南卧,20.00㎡,南,6室1厅3卫,10天前维护,3000, 元/月,西湖,融信杭州公馆
合租·春天学府 2居室 北卧,30.00㎡,北,2室1厅1卫,今天维护,2300, 元/月,临安,春天学府
合租·融信杭州公馆 6居室 南卧,13.00㎡,南,6室1厅3卫,10天前维护,1400, 元/月,西湖,融信杭州公馆
整租·景瑞路劲海逸翠廷 3室2厅 南,89.00㎡,南,3室2厅1卫,2天前维护,3500, 元/月,临平区,景瑞路劲海逸翠廷
合租·龙湖春江天玺 4居室 南卧,9.00㎡,南,4室1厅2卫,8天前维护,1500, 元/月,萧山,龙湖春江天玺
合租·春天学府 2居室 北卧,30.00㎡,北,2室1厅1卫,今天维护,2300, 元/月,临安,春天学府
合租·白金海岸 4居室 北卧,8.60㎡,北,4室1厅2卫,10天前维护,1600, 元/月,滨江,白金海岸
合租·融信江南学府 5居室 北卧,14.00㎡,北,5室2厅2卫,2天前维护,1200, 元/月,萧山,融信江南学府
合租·合景映月台 4居室 北卧,9.00㎡,北,4室1厅1卫,10天前维护,1200, 元/月,余杭,合景映月台
整租·三水一生 4室2厅 南,135.00㎡,南,4室2厅2卫,3天前维护,3500, 元/月,萧山,三水一生
合租·远洋西溪公馆 5居室 北卧,15.00㎡,北,5室1厅2卫,10天前维护,1390, 元/月,余杭,远洋西溪公馆
整租·众安景海湾 3室2厅 南,138.54㎡,南,3室2厅2卫,2天前维护,2500, 元/月,萧山,众安景海湾
合租·城发云锦城 4居室 北卧,7.60㎡,北,4室1厅1卫,10天前维护,890, 元/月,上城,城发云锦城
合租·雅仕苑 3居室 北卧,15.00㎡,北,3室2厅2卫,今天维护,1800, 元/月,西湖,雅仕苑
合租·倾城之恋 4居室 南卧,6.97㎡,南,4室1厅2卫,11天前维护,1630, 元/月,滨江,倾城之恋
整租·建发金辉紫璋台 4室2厅 南,139.00㎡,南,4室2厅2卫,今天维护,7500, 元/月,西湖,建发金辉紫璋台
合租·越秀星汇尚城 4居室 南卧,13.00㎡,南,4室1厅2卫,4天前维护,1500, 元/月,余杭,越秀星汇尚城
整租·中庆润泽院 3室2厅 东/南,94.00㎡,东 南,3室2厅2卫,1天前维护,1300, 元/月,富阳,中庆润泽院
合租·德信大家钱江府 3居室 南卧,15.00㎡,南,3室1厅2卫,6天前维护,2000, 元/月,上城,德信大家钱江府
整租·美晟府 4室2厅 南,130.00㎡,南,4室2厅2卫,2天前维护,1500, 元/月,临安,美晟府
整租·中天珺府 3室2厅 南,89.00㎡,南,3室2厅2卫,3天前维护,2500, 元/月,临安,中天珺府
整租·星汇花园 3室2厅 南,89.00㎡,南,3室2厅2卫,今天维护,2600, 元/月,临安,星汇花园
合租·龙湖旭辉春江悦茗 4居室 南卧,11.00㎡,南,4室1厅2卫,8天前维护,1790, 元/月,萧山,龙湖旭辉春江悦茗
整租·蚕花园永庆坊 2室1厅 南/北,56.61㎡,南 北,2室1厅1卫,今天维护,3800, 元/月,拱墅,蚕花园永庆坊
整租·憬天国际名座 1室1厅 南,55.54㎡,南,1室1厅1卫,今天维护,3000, 元/月,萧山,憬天国际名座
整租·绿地艺尚府 3室2厅 南,89.00㎡,南,3室2厅2卫,1天前维护,4100, 元/月,临平区,绿地艺尚府
合租·丁桥家苑 4居室 南卧,14.85㎡,南,4室1厅2卫,11天前维护,1430, 元/月,上城,丁桥家苑
整租·恒祺克拉天玺 1室1厅 南,41.00㎡,南,1室1厅1卫,1天前维护,3300, 元/月,上城,恒祺克拉天玺
合租·下沙文汇苑 5居室 南卧,14.00㎡,南,5室1厅2卫,6天前维护,1250, 元/月,钱塘区,下沙文汇苑
合租·锦润公寓 4居室 南卧,15.00㎡,南,4室1厅1卫,今天维护,1700, 元/月,上城,锦润公寓
合租·浅水湾城市花园 5居室 南卧,13.00㎡,南,5室1厅2卫,10天前维护,1500, 元/月,拱墅,浅水湾城市花园
整租·斗富二桥西河下 3室2厅 南,90.00㎡,南,3室2厅1卫,今天维护,5800, 元/月,上城,斗富二桥西河下
合租·三里新城荷苑 4居室 南卧,8.80㎡,南,4室1厅1卫,11天前维护,1730, 元/月,上城,三里新城荷苑
整租·星运丽园 3室2厅 南/北,123.00㎡,南 北,3室2厅2卫,1天前维护,3800, 元/月,临平区,星运丽园
合租·金基晓庐 4居室 北卧,9.20㎡,北,4室1厅2卫,6天前维护,1600, 元/月,上城,金基晓庐
整租·星运丽园 3室2厅 南/北,123.00㎡,南 北,3室2厅2卫,1天前维护,3800, 元/月,临平区,星运丽园
合租·德信大家钱江府 3居室 南卧,15.00㎡,南,3室1厅2卫,6天前维护,2000, 元/月,上城,德信大家钱江府
合租·亲亲家园三期 7居室 南卧,20.00㎡,南,7室1厅3卫,1天前维护,1380, 元/月,余杭,亲亲家园三期
合租·城发云锦城 4居室 北卧,7.60㎡,北,4室1厅1卫,10天前维护,890, 元/月,上城,城发云锦城
整租·通和戈雅公寓 3室2厅 南,131.00㎡,南,3室2厅2卫,1天前维护,4700, 元/月,萧山,通和戈雅公寓
合租·东方尚城国际南区 4居室 西卧,15.00㎡,西,4室2厅2卫,10天前维护,2300, 元/月,上城,东方尚城国际南区
整租·信达东莱府 4室2厅 南,132.00㎡,南,4室2厅2卫,今天维护,9000, 元/月,上城,信达东莱府
合租·新城峯璟 5居室 北卧,6.00㎡,北,5室1厅2卫,10天前维护,1500, 元/月,余杭,新城峯璟
整租·宸宇府 3室2厅 东/南,108.00㎡,东 南,3室2厅2卫,今天维护,5200, 元/月,萧山,宸宇府
合租·融信澜天 5居室 东卧,7.30㎡,东,5室1厅2卫,11天前维护,1090, 元/月,余杭,融信澜天
整租·金成花园 2室2厅 南,92.00㎡,南,2室2厅1卫,2天前维护,4500, 元/月,西湖,金成花园
整租·金地广场 1室1厅 LOFT 东南,35.27㎡,东南,1室1厅1卫,今天维护,3500, 元/月,余杭,金地广场
合租·西湖公馆 9居室 北卧,20.00㎡,北,9室2厅3卫,2天前维护,2000, 元/月,西湖,西湖公馆
合租·合景瑜翠园 4居室 南卧,8.90㎡,南,4室1厅2卫,10天前维护,1460, 元/月,余杭,合景瑜翠园
合租·湖头陈花苑 4居室 南卧,15.00㎡,南,4室1厅2卫,5天前维护,1600, 元/月,萧山,湖头陈花苑
合租·西湖新城 6居室 西卧,15.00㎡,西,6室1厅1卫,今天维护,2700, 元/月,拱墅,西湖新城
整租·广厦天都城尚棠源筑 3室2厅 南,116.00㎡,南,3室2厅2卫,3天前维护,2200, 元/月,临平区,广厦天都城尚棠源筑
合租·江虹小区 4居室 西卧,11.90㎡,西,4室1厅1卫,10天前维护,1690, 元/月,滨江,江虹小区
整租·旭辉时代城 4室2厅 西南,120.00㎡,西南,4室2厅2卫,1天前维护,4000, 元/月,临平区,旭辉时代城
整租·融创港印中心 2室2厅 南,41.00㎡,南,2室2厅2卫,1天前维护,2300, 元/月,萧山,融创港印中心
整租·三水一生 4室1厅 南,159.99㎡,南,4室1厅2卫,2天前维护,4100, 元/月,萧山,三水一生
合租·融信杭州公馆 4居室 北卧,10.00㎡,北,4室1厅2卫,4天前维护,1100, 元/月,"
          独栋·乐柚公寓 武林广场店 永通广场特价暗房 开间        </a>
      </p>
      <!-- house info -->
      <p class=""content__list--item--des"">
                  <span class=""room__left"">仅剩1间</span>
          <i>/</i>
                20.00㎡
        <i>/</i>1间在租        <i>/</i>
        1室0厅1卫      </p>
      <!-- tags -->
      <p class=""content__list--item--bottom oneline"">
                  <i class=""content__item__tag--authorization_apartment"">独栋公寓</i>
                  <i class=""content__item__tag--rent_period_month"">月租</i>
                  <i class=""content__item__tag--is_subway_house"">近地铁</i>
                  <i class=""content__item__tag--decoration"">精装</i>
                  <i class=""content__item__tag--deposit_1_pay_1"">押一付一</i>
              </p>
      <!-- brand -->
      <p class=""content__list--item--brand oneline"">
                  <span class=""brand"">
            乐柚公寓          </span>
                <span class=""content__list--item--time"">1天前维护</span>
      </p>
      <!-- gr -->
            <!-- price -->
      <span class=""content__list--item-price""><em>1620</em> 元/月</span>
    </div>
  </a>
</div>
<div
  class=""content__list--item""
  data-el=""listItem""
  data-house_code=""HZ1644670941348757504""
  data-brand_code=""200306001852""
  data-ad_code=""0""
  data-bid_version=""""
  data-c_type=""1""
  data-position=""22""
  data-total=""80723""
  data-fb_expo_id=""635413897625341974""
  data-t=""default""
  data-strategy_id=""""
  data-click_position=""22""
  data-ad_type=""0""
  data-distribution_type=""203500000001""
  data-event_id=""21333""
  data-event_action=""click_position=22""
  data-event_position=""click_position""
  data-event_send=""no""
  data-rank_score=""-1""
  data-operation_score=""0""
  >
    <a
      class=""content__list--item--aside"" target=""_blank""      href=""/zufang/HZ1644670941348757504.html""
      title=""合租·融信杭州公馆 4居室 北卧"">
        <img
          alt=""合租·融信杭州公馆 4居室 北卧_融信杭州公馆租房""
          src=""https://s1.ljcdn.com/matrix_pc/dist/pc/src/resource/default/250-182.png?_v=20221013212022a17""
          data-src=""https://ke-image.ljcdn.com/110000-inspection/61a37e1b-6abc-4b38-825b-703264a97c56.jpg!m_fill,w_250,h_182,l_fbk,o_auto""
          class=""lazyload"">
        <!-- 是否展示vr图片 -->
                <!-- 广告标签 -->
            </a>
    <div class=""content__list--item--main"">
      <p class=""content__list--item--title"">
        <a class=""twoline"" target=""_blank"" href=""/zufang/HZ1644670941348757504.html"">
          合租·融信杭州公馆 4居室 北卧        </a>
                      </p>
      <p class=""content__list--item--des"">
                <a target=""_blank"" href=""/zufang/xihu/"">西湖",融信杭州公馆
合租·远洋西溪公馆 5居室 北卧,15.00㎡,北,5室1厅2卫,10天前维护,1390, 元/月,余杭,远洋西溪公馆
整租·春天学府 3室2厅 南/北,117.00㎡,南 北,3室2厅2卫,6天前维护,1200, 元/月,临安,春天学府
合租·龙湖旭辉春江悦茗 4居室 南卧,11.00㎡,南,4室1厅2卫,8天前维护,1790, 元/月,萧山,龙湖旭辉春江悦茗
合租·中南未来里 3居室 南卧,51.81㎡,南,3室2厅2卫,今天维护,4600, 元/月,余杭,中南未来里
合租·都市水乡水映苑 4居室 南卧,12.99㎡,南,4室1厅1卫,7天前维护,1330, 元/月,拱墅,都市水乡水映苑
整租·东城丽景 2室1厅 南,76.00㎡,南,2室1厅1卫,今天维护,3000, 元/月,临平区,东城丽景
合租·白金海岸 4居室 北卧,8.60㎡,北,4室1厅2卫,10天前维护,1600, 元/月,滨江,白金海岸
